xucanux@mailinator.com,wicovad@mailinator.com,ac748cb38ff28d1ea98458b16695739d7e90f22d
lewupelo@mailinator.com,cyvilogigy@mailinator.com,ac748cb38ff28d1ea98458b16695739d7e90f22d
vozu@mailinator.com,lytu@mailinator.com,ac748cb38ff28d1ea98458b16695739d7e90f22d
tesuleg@mailinator.com,sasasug@mailinator.com,ac748cb38ff28d1ea98458b16695739d7e90f22d
abdoo,a@a.com,20eabe5d64b0e216796e834f52d61fd0b70332fc
mohj,s@s.com,7c222fb2927d828af22f592134e8932480637c0d
lenyxekyh@mailinator.com,sopyjatudy@mailinator.com,ac748cb38ff28d1ea98458b16695739d7e90f22d
omar,omar@o.net,20eabe5d64b0e216796e834f52d61fd0b70332fc
giwusugiw@mailinator.com,saqefavis@mailinator.com,ac748cb38ff28d1ea98458b16695739d7e90f22d
najuja@mailinator.com,lycacoqug@mailinator.com,ac748cb38ff28d1ea98458b16695739d7e90f22d
cebuziron@mailinator.com,xapafytijo@mailinator.com,ac748cb38ff28d1ea98458b16695739d7e90f22d
lamuxigid@mailinator.com,bevijifoz@mailinator.com,ac748cb38ff28d1ea98458b16695739d7e90f22d
nati@mailinator.com,vodahudix@mailinator.com,ac748cb38ff28d1ea98458b16695739d7e90f22d
